{"stats":{"minecraft:custom":{"minecraft:open_barrel":20,"minecraft:open_chest":38,"minecraft:time_since_rest":96535,"minecraft:crouch_one_cm":466,"minecraft:play_time":96535,"minecraft:sprint_one_cm":14798,"minecraft:inspect_dropper":7,"minecraft:walk_one_cm":24009,"minecraft:sneak_time":1030,"minecraft:interact_with_anvil":7,"minecraft:interact_with_lectern":1,"minecraft:jump":215,"minecraft:inspect_hopper":7,"minecraft:leave_game":2,"minecraft:time_since_death":96535,"minecraft:total_world_time":131121,"minecraft:tune_noteblock":20,"minecraft:fly_one_cm":172031},"minecraft:used":{"minecraft:writable_book":6,"minecraft:anvil":2,"minecraft:written_book":1,"minecraft:flint_and_steel":18,"minecraft:hopper":8,"minecraft:redstone":2,"minecraft:oak_sign":13,"minecraft:blue_wool":129,"minecraft:lectern":1,"minecraft:waxed_oxidized_copper_bulb":1,"minecraft:chest":5,"minecraft:sandstone":117,"minecraft:obsidian":92,"minecraft:barrel":9,"minecraft:player_head":2}},"DataVersion":3955}